chunk_size,top_k,How does LoRA reduce the computational cost of fine-tuning large language models?,What is Masked Language Modeling and how is it used to train BERT?,What is a Transformer and what are its main advantages over recurrent neural networks?,What is few-shot learning and how does GPT-3 use it?,What is the difference between LoRA and full fine-tuning?,What is the difference between parametric and non-parametric knowledge in RAG?,"What is the difference between zero-shot, one-shot and few-shot prompting?",What is the self-attention mechanism and how does it work?,What problem does RAG solve that standard language models cannot?,Why does bidirectional context improve language understanding compared to unidirectional models?,TOTAL /30
200,3,1.0,1.0,1.0,1.0,2.0,2.0,1.0,2.0,2.0,1.0,14.0
200,5,1.0,2.0,2.0,1.0,3.0,2.0,3.0,2.0,2.0,1.0,19.0
200,7,1.0,2.0,2.0,2.0,2.0,2.0,2.0,1.0,2.0,1.0,17.0
500,3,1.0,1.0,1.0,1.0,2.0,2.0,1.0,2.0,2.0,1.0,14.0
500,5,1.0,2.0,1.0,1.0,2.0,1.0,3.0,2.0,2.0,1.0,16.0
500,7,1.0,2.0,2.0,1.0,3.0,2.0,2.0,2.0,2.0,1.0,18.0
1000,3,1.0,2.0,1.0,1.0,3.0,2.0,1.0,2.0,2.0,1.0,16.0
1000,5,1.0,2.0,2.0,1.0,2.0,2.0,3.0,2.0,2.0,1.0,18.0
1000,7,1.0,2.0,2.0,1.0,2.0,2.0,2.0,2.0,3.0,1.0,18.0
